Name,Course
Laurence Sargent,P1
Laurence Sargent,C2
Laurence Sargent,Q1
Laurence Sargent,J1
Clare Hess,D1
Clare Hess,A3
Clare Hess,M1
Clare Hess,O2
Galen Wilcox,B1
Galen Wilcox,G2
Galen Wilcox,G1
Galen Wilcox,E2
Malinda Garcia,E3
Malinda Garcia,G3
Malinda Garcia,O1
Malinda Garcia,J2
Aline Beck,P2
Aline Beck,K2
Aline Beck,C1
Aline Beck,Q2
Jacob Harrison,N2
Jacob Harrison,A1
Jacob Harrison,N1
Jacob Harrison,K3
Cindy Foley,K1
Cindy Foley,D2
Cindy Foley,I1
Cindy Foley,H1
Carey Wilder,L1
Carey Wilder,O3
Carey Wilder,N3
Carey Wilder,F1
